{
  "Lugif": 78295.0,
  "Ruhenaf": 377554.9417803734,
  "Detjroh": 85321.4382718042,
  "Njgjqi": 46843.0,
  "Mjzeze": 53916.1904125504,
  "Xjmixob": 41128.0018607767,
  "Vegypat": 7829.0
}